Employee_ID,Age,Gender,Department,Experience_Years,Monthly_Salary,Performance_Rating,Work_Life_Balance,Job_Satisfaction,Attrition_Status
E1001,50,Female,HR,4,177270,3,Average,7,No
E1002,43,Female,HR,5,174521,3,Poor,1,Yes
E1003,32,Male,DevOps,7,63163,5,Average,8,No
E1004,29,Female,HR,0,192028,1,Average,5,Yes
E1005,30,Male,DevOps,7,192827,4,Poor,6,Yes
E1006,35,Male,DevOps,4,49533,4,Poor,4,Yes
E1007,49,Female,Sales,11,30327,1,Average,2,Yes
E1008,22,Male,Software,5,159212,2,Average,2,No
E1009,23,Male,Marketing,24,89796,5,Good,2,No
E1010,37,Male,DevOps,25,134717,4,Average,5,No
E1011,38,Female,Marketing,5,192517,5,Average,7,No
E1012,43,Male,Support,21,87652,1,Good,7,No
E1013,36,Female,Sales,23,84122,5,Poor,1,Yes
E1014,33,Female,Marketing,8,179269,2,Average,5,No
E1015,28,Male,Sales,11,161206,2,Poor,7,No
E1016,54,Male,Data Science,11,93046,1,Poor,9,No
E1017,55,Male,DevOps,0,85467,2,Average,3,No
E1018,45,Female,Software,8,63465,2,Good,1,No
E1019,31,Female,Sales,6,123357,4,Average,10,No
E1020,39,Female,DevOps,8,195656,4,Average,1,No
E1021,39,Male,Marketing,4,68069,5,Good,10,No
E1022,55,Female,HR,9,115130,3,Average,9,No
E1023,26,Female,Testing,6,165134,1,Poor,2,Yes
E1024,29,Male,HR,21,176241,4,Poor,3,Yes
E1025,21,Female,Marketing,22,129061,2,Average,8,No
E1026,30,Female,DevOps,19,171552,2,Good,2,Yes
E1027,58,Male,Marketing,3,41644,4,Average,3,No
E1028,30,Male,Support,0,98867,3,Good,10,No
E1029,49,Female,Testing,0,82731,4,Good,1,Yes
E1030,46,Male,Sales,19,109115,5,Good,1,Yes
E1031,33,Female,HR,21,78348,2,Good,8,Yes
E1032,21,Female,DevOps,0,46381,5,Poor,10,No
E1033,44,Female,DevOps,1,85185,2,Average,7,No
E1034,56,Female,Data Science,13,146250,5,Average,9,No
E1035,32,Female,Sales,9,191410,4,Average,4,No
E1036,28,Female,Marketing,10,193183,4,Good,2,Yes
E1037,24,Male,HR,6,194853,3,Poor,3,No
E1038,37,Female,Software,7,89966,2,Good,4,No
E1039,39,Female,Software,16,114839,2,Poor,8,Yes
E1040,27,Male,Sales,8,74245,4,Average,4,No
E1041,21,Female,Sales,11,60695,4,Poor,4,Yes
E1042,32,Male,Sales,22,155732,5,Poor,7,No
E1043,30,Male,HR,22,61404,4,Poor,7,No
E1044,60,Male,HR,14,53176,2,Good,3,No
E1045,58,Male,Testing,11,134197,5,Poor,9,No
E1046,24,Male,Software,7,189539,5,Poor,1,Yes
E1047,26,Female,Testing,12,183114,5,Average,6,No
E1048,54,Female,Software,24,36527,3,Average,8,No
E1049,59,Male,DevOps,3,171069,3,Good,4,No
E1050,54,Female,Data Science,23,68745,5,Poor,9,No
E1051,47,Female,Software,21,37627,3,Poor,2,Yes
E1052,60,Male,Sales,18,81581,5,Poor,1,Yes
E1053,51,Male,DevOps,16,46424,4,Average,4,No
E1054,23,Male,HR,18,34193,2,Poor,7,Yes
E1055,44,Male,Marketing,24,111012,4,Average,9,No
E1056,58,Male,Sales,19,36009,5,Average,5,Yes
E1057,54,Male,Marketing,19,174558,3,Poor,5,Yes
E1058,48,Male,Testing,6,143326,1,Average,9,No
E1059,46,Female,Support,10,127711,2,Good,3,No
E1060,28,Female,Sales,3,186815,1,Average,3,No
E1061,33,Female,Marketing,14,177675,2,Average,2,No
E1062,54,Female,Sales,4,52708,3,Average,3,Yes
E1063,31,Male,Testing,23,29544,2,Good,10,No
E1064,40,Female,Testing,23,97663,4,Average,6,No
E1065,57,Female,Software,9,168043,2,Poor,8,Yes
E1066,39,Female,Marketing,22,102200,2,Good,1,No
E1067,40,Female,Data Science,16,91421,2,Poor,7,No
E1068,27,Female,Data Science,1,30262,5,Good,7,Yes
E1069,28,Female,Testing,1,192697,1,Poor,7,Yes
E1070,40,Female,DevOps,15,194149,1,Good,4,Yes
E1071,50,Female,Data Science,13,45983,4,Average,8,No
E1072,24,Female,Data Science,20,166439,4,Good,9,No
E1073,56,Female,Software,11,43791,1,Average,2,No
E1074,33,Male,Marketing,20,35514,3,Average,6,No
E1075,27,Female,Data Science,18,123451,4,Good,7,No
E1076,51,Male,Data Science,10,127843,2,Average,8,No
E1077,27,Male,Testing,17,47637,4,Good,4,No
E1078,44,Male,Support,15,159206,1,Poor,6,No
E1079,35,Female,Software,18,97989,1,Good,4,Yes
E1080,42,Female,Testing,0,105987,5,Good,6,No
E1081,26,Female,HR,10,57209,3,Good,8,No
E1082,56,Female,Data Science,8,59944,1,Average,1,Yes
E1083,41,Female,Testing,3,195104,4,Average,2,No
E1084,55,Female,Sales,18,63575,1,Good,8,No
E1085,48,Female,Support,10,97274,3,Good,6,No
E1086,42,Male,HR,22,28146,2,Average,4,No
E1087,32,Female,Support,21,107912,3,Good,7,No
E1088,32,Female,Testing,20,110576,5,Good,7,No
E1089,49,Female,Support,12,188930,1,Average,5,No
E1090,51,Male,Sales,7,158427,2,Good,3,Yes
E1091,51,Female,Marketing,11,154391,5,Good,6,No
E1092,38,Male,Sales,15,42690,2,Poor,6,No
E1093,52,Female,Marketing,7,73989,3,Good,4,Yes
E1094,47,Female,Sales,8,113327,2,Average,3,No
E1095,39,Female,Testing,1,34950,2,Good,2,No
E1096,28,Male,Software,1,174129,3,Good,1,No
E1097,55,Male,Data Science,19,62255,5,Poor,8,No
E1098,55,Female,Sales,17,55776,5,Poor,5,Yes
E1099,39,Male,Support,2,139281,3,Good,5,No
E1100,46,Male,Marketing,21,97260,4,Average,2,No
E1101,44,Male,Support,5,137658,5,Average,7,No
E1102,40,Male,Support,21,138495,1,Poor,4,Yes
E1103,39,Male,HR,5,156624,4,Poor,9,No
E1104,26,Female,Data Science,24,155334,4,Good,8,No
E1105,53,Male,Support,11,89969,1,Average,5,No
E1106,29,Male,Testing,16,131153,5,Poor,6,Yes
E1107,27,Male,Software,23,109822,5,Good,5,No
E1108,39,Female,Sales,2,48020,2,Poor,7,No
E1109,40,Female,Sales,24,121913,4,Poor,6,No
E1110,21,Male,Data Science,25,166300,3,Average,5,No
E1111,57,Female,Support,2,188675,1,Poor,9,No
E1112,36,Male,Sales,8,162603,2,Poor,8,Yes
E1113,32,Female,Software,19,179604,4,Good,10,No
E1114,59,Male,Sales,16,39162,5,Average,2,Yes
E1115,50,Female,Testing,14,169563,1,Average,3,No
E1116,48,Male,Marketing,8,158752,5,Average,5,No
E1117,28,Male,HR,19,120377,3,Poor,8,Yes
E1118,32,Male,DevOps,24,61833,2,Good,5,No
E1119,55,Male,Testing,20,74193,1,Poor,6,Yes
E1120,32,Female,Software,8,109748,1,Average,1,No
E1121,57,Male,HR,0,32323,3,Average,8,No
E1122,55,Female,Testing,1,199809,5,Good,8,Yes
E1123,33,Male,Marketing,2,79097,4,Average,9,No
E1124,27,Male,Sales,15,95945,3,Good,7,No
E1125,41,Male,HR,15,122730,1,Good,4,No
E1126,39,Female,Software,13,152348,4,Good,6,No
E1127,24,Female,Sales,20,68793,5,Good,8,No
E1128,37,Female,Support,25,109581,4,Average,2,Yes
E1129,58,Male,Data Science,20,114557,2,Good,10,Yes
E1130,25,Female,Data Science,2,27956,1,Poor,8,No
E1131,27,Female,Data Science,16,115831,2,Poor,2,Yes
E1132,55,Male,Marketing,9,108915,5,Good,7,No
E1133,49,Male,HR,0,128331,2,Poor,1,Yes
E1134,36,Male,Data Science,12,27068,1,Poor,3,Yes
E1135,41,Female,Support,16,113855,4,Poor,5,No
E1136,54,Male,Data Science,14,132689,2,Poor,4,Yes
E1137,41,Male,DevOps,22,196589,4,Poor,3,No
E1138,44,Female,Data Science,9,115848,4,Average,3,No
E1139,35,Female,HR,12,65113,3,Good,1,No
E1140,59,Female,Marketing,17,75488,4,Average,4,Yes
E1141,43,Male,Software,23,95596,2,Poor,9,Yes
E1142,43,Female,Support,6,105498,5,Good,4,Yes
E1143,59,Female,Sales,4,98274,2,Poor,7,No
E1144,34,Female,Support,14,155730,5,Good,1,No
E1145,54,Female,Data Science,13,166396,5,Average,7,No
E1146,24,Female,DevOps,9,155515,2,Poor,7,No
E1147,59,Female,HR,7,149399,4,Good,6,No
E1148,46,Female,DevOps,14,196918,5,Good,7,No
E1149,27,Male,DevOps,24,164757,1,Average,5,No
E1150,39,Male,Testing,21,152587,3,Average,6,No
E1151,41,Female,HR,22,151435,1,Average,7,No
E1152,35,Male,Marketing,2,58415,2,Poor,6,Yes
E1153,47,Male,DevOps,6,72406,3,Poor,10,No
E1154,43,Male,Data Science,23,130159,3,Good,7,No
E1155,28,Male,Testing,22,141836,5,Good,9,No
E1156,32,Male,HR,10,73022,1,Good,6,Yes
E1157,47,Female,Support,12,170747,3,Average,5,No
E1158,30,Male,Marketing,8,44589,1,Average,1,Yes
E1159,56,Male,Support,4,62834,4,Average,6,No
E1160,48,Female,Data Science,18,95866,5,Average,1,Yes
E1161,37,Male,Testing,24,71921,4,Good,10,No
E1162,58,Female,Sales,22,147514,1,Good,9,No
E1163,29,Female,Testing,17,69225,2,Poor,6,Yes
E1164,48,Male,Software,5,112000,2,Average,7,No
E1165,52,Female,Support,1,115476,4,Poor,10,No
E1166,34,Male,Sales,12,75853,5,Average,8,No
E1167,39,Female,Support,7,183620,4,Average,4,No
E1168,60,Female,HR,17,190782,4,Good,9,No
E1169,48,Female,HR,10,159917,2,Average,6,No
E1170,21,Male,HR,10,55681,1,Average,2,Yes
E1171,26,Male,Marketing,13,106269,3,Good,2,No
E1172,30,Male,Testing,7,62199,3,Poor,2,No
E1173,46,Female,Data Science,14,145760,1,Average,3,Yes
E1174,36,Male,Support,8,191895,5,Good,3,No
E1175,29,Female,DevOps,22,167059,4,Average,10,No
E1176,57,Male,DevOps,7,83393,1,Average,6,No
E1177,35,Female,HR,13,56185,3,Average,6,No
E1178,21,Female,Testing,1,110584,2,Average,9,No
E1179,25,Female,Support,3,189812,2,Good,6,Yes
E1180,32,Female,Sales,11,175750,2,Average,2,No
E1181,43,Female,DevOps,6,98869,1,Poor,9,No
E1182,49,Male,Sales,6,110453,2,Poor,4,Yes
E1183,52,Male,DevOps,16,103790,4,Good,8,No
E1184,44,Female,Marketing,3,64497,4,Poor,10,No
E1185,49,Male,Support,17,92567,3,Good,8,No
E1186,48,Female,Sales,10,137951,5,Good,10,No
E1187,25,Male,Support,14,52567,2,Good,6,No
E1188,52,Male,Software,12,100874,3,Good,6,No
E1189,35,Male,Data Science,18,66367,1,Poor,8,No
E1190,30,Female,HR,24,31797,2,Poor,6,Yes
E1191,48,Male,Testing,14,76324,5,Good,8,No
E1192,37,Male,Sales,14,114319,1,Poor,9,Yes
E1193,48,Female,Software,22,165747,1,Average,8,No
E1194,33,Male,Testing,19,100977,4,Poor,9,No
E1195,41,Male,Software,7,70742,2,Poor,6,No
E1196,23,Male,Software,13,126892,5,Good,10,No
E1197,46,Male,Marketing,22,102241,4,Poor,7,No
E1198,60,Female,DevOps,23,189931,3,Average,4,No
E1199,57,Female,Support,7,128875,5,Average,2,No
E1200,39,Female,Marketing,7,188095,5,Good,5,No
E1201,34,Male,Software,11,100400,5,Average,2,No
E1202,36,Male,Marketing,4,140251,4,Good,9,No
E1203,42,Female,Testing,8,164903,3,Good,2,No
E1204,45,Male,Sales,8,39469,4,Good,10,Yes
E1205,59,Female,DevOps,0,161806,4,Good,2,No
E1206,21,Male,Support,17,62788,2,Poor,8,Yes
E1207,54,Male,DevOps,3,71069,3,Poor,2,No
E1208,30,Female,HR,1,190885,2,Poor,7,Yes
E1209,39,Male,Marketing,10,117069,3,Average,8,No
E1210,57,Male,DevOps,11,106851,2,Average,7,No
E1211,33,Male,Software,25,40846,2,Good,9,No
E1212,27,Male,DevOps,15,181273,5,Average,5,No
E1213,58,Male,Data Science,19,78297,4,Poor,3,No
E1214,27,Female,HR,15,162053,3,Average,5,No
E1215,44,Male,Data Science,6,68784,1,Poor,1,Yes
E1216,55,Female,Data Science,24,90628,1,Good,2,No
E1217,44,Female,Data Science,25,126393,4,Poor,9,No
E1218,35,Male,Software,23,184141,5,Poor,1,Yes
E1219,46,Female,Testing,16,85942,5,Poor,8,Yes
E1220,26,Male,Data Science,23,62227,5,Poor,3,Yes
E1221,41,Female,Sales,10,120057,1,Average,6,No
E1222,27,Male,Support,6,117002,5,Good,1,No
E1223,26,Female,Sales,10,56281,2,Poor,7,Yes
E1224,50,Female,Software,1,156470,1,Poor,2,Yes
E1225,38,Female,Marketing,18,94155,5,Poor,10,Yes
E1226,58,Male,HR,8,39194,1,Average,1,Yes
E1227,31,Male,HR,16,55138,3,Good,4,No
E1228,29,Female,Testing,17,61457,5,Average,6,No
E1229,32,Female,Data Science,17,149380,5,Average,8,No
E1230,59,Male,HR,11,139979,2,Average,5,No
E1231,49,Male,Marketing,16,181571,5,Poor,7,No
E1232,28,Female,HR,8,51681,5,Average,10,No
E1233,36,Female,DevOps,18,93726,2,Good,10,No
E1234,37,Female,Support,10,31937,1,Average,8,Yes
E1235,50,Male,Testing,11,78021,3,Good,9,No
E1236,60,Female,Software,9,193056,1,Average,4,Yes
E1237,37,Male,Data Science,20,197320,2,Average,6,No
E1238,51,Female,Testing,21,180206,3,Poor,5,No
E1239,35,Male,Sales,18,122862,5,Good,3,No
E1240,29,Female,HR,2,146885,4,Poor,4,Yes
E1241,49,Female,Marketing,11,138318,2,Good,7,No
E1242,36,Female,Support,24,44722,1,Average,8,No
E1243,24,Female,DevOps,20,44358,1,Good,4,No
E1244,24,Male,Testing,3,139730,2,Poor,1,Yes
E1245,29,Female,Support,15,134690,5,Good,3,Yes
E1246,56,Female,Marketing,3,50583,5,Good,5,No
E1247,42,Female,Marketing,11,92522,3,Poor,3,No
E1248,29,Male,Marketing,1,95777,3,Average,6,No
E1249,28,Male,Sales,24,100357,2,Poor,6,Yes
E1250,33,Female,Marketing,2,86164,3,Poor,2,Yes
E1251,48,Male,HR,13,177708,4,Poor,6,No
E1252,56,Female,Software,5,109642,3,Average,9,No
E1253,50,Male,Software,25,37898,1,Good,2,No
E1254,38,Male,Testing,10,47569,5,Good,4,No
E1255,24,Male,Marketing,21,124109,2,Average,10,Yes
E1256,31,Female,DevOps,11,25973,4,Poor,5,Yes
E1257,57,Male,DevOps,25,100521,1,Poor,1,Yes
E1258,37,Female,Support,11,179186,5,Average,2,Yes
E1259,30,Female,Marketing,6,144420,5,Average,3,Yes
E1260,45,Male,Data Science,18,124597,3,Good,5,No
E1261,42,Male,Sales,16,86875,5,Average,2,No
E1262,25,Male,Testing,0,90421,1,Poor,9,No
E1263,22,Female,Data Science,7,101744,2,Good,1,No
E1264,41,Male,Marketing,13,175999,5,Good,3,No
E1265,30,Female,Data Science,4,91168,1,Poor,3,Yes
E1266,47,Female,DevOps,17,113106,5,Poor,7,Yes
E1267,40,Female,Testing,4,91667,1,Good,3,No
E1268,32,Female,Marketing,19,26878,2,Good,1,No
E1269,52,Female,Marketing,2,100926,5,Average,6,No
E1270,44,Male,Data Science,18,69647,1,Average,3,No
E1271,54,Male,Marketing,4,103077,3,Poor,6,No
E1272,46,Male,Data Science,9,79507,2,Average,10,No
E1273,32,Male,DevOps,18,68869,3,Good,10,No
E1274,39,Female,Sales,13,117329,1,Good,2,Yes
E1275,35,Male,Support,18,197833,5,Average,1,No
E1276,26,Male,Marketing,2,92262,3,Poor,10,Yes
E1277,21,Female,Marketing,24,29550,4,Average,8,No
E1278,51,Female,Testing,17,31145,5,Good,7,Yes
E1279,40,Male,Testing,24,63621,4,Average,7,No
E1280,26,Female,Support,9,143821,2,Poor,6,Yes
E1281,59,Female,Support,13,186269,4,Average,6,No
E1282,46,Female,Sales,25,66830,1,Average,10,No
E1283,46,Female,Sales,10,165221,3,Good,2,Yes
E1284,43,Male,Marketing,22,171417,1,Average,3,No
E1285,59,Male,Testing,12,45364,4,Average,6,No
E1286,34,Male,DevOps,3,44303,2,Poor,8,No
E1287,51,Female,Software,9,41745,1,Average,2,No
E1288,49,Male,Data Science,24,43952,4,Good,8,No
E1289,49,Female,Sales,9,150335,4,Average,2,No
E1290,60,Male,Software,25,46867,4,Average,7,No
E1291,45,Male,Testing,5,67967,3,Poor,2,Yes
E1292,52,Female,HR,15,140648,4,Good,3,No
E1293,31,Male,Software,9,151246,5,Poor,4,Yes
E1294,23,Female,Software,8,62409,3,Average,2,No
E1295,21,Male,HR,22,52274,4,Poor,8,Yes
E1296,37,Male,Software,16,198682,1,Poor,4,Yes
E1297,44,Female,Marketing,16,185716,2,Poor,9,No
E1298,59,Male,Sales,19,147196,4,Good,2,Yes
E1299,53,Female,Sales,5,43300,1,Poor,5,No
E1300,31,Female,Testing,17,36769,4,Good,8,No
E1301,52,Female,DevOps,2,161490,2,Poor,5,Yes
E1302,52,Female,Sales,3,85002,3,Good,7,No
E1303,22,Female,Marketing,15,57987,2,Average,4,Yes
E1304,29,Male,HR,20,65632,1,Good,9,No
E1305,51,Male,Marketing,0,87671,1,Good,4,Yes
E1306,28,Female,HR,11,87728,1,Poor,2,Yes
E1307,24,Female,Support,23,100500,1,Poor,5,Yes
E1308,43,Female,Sales,6,168879,5,Good,4,No
E1309,25,Female,HR,21,173986,5,Poor,8,Yes
E1310,55,Female,Data Science,15,199232,4,Good,3,No
E1311,52,Male,Testing,6,178199,5,Average,3,Yes
E1312,49,Male,Software,2,86673,5,Average,10,No
E1313,21,Female,Marketing,4,102582,1,Poor,4,Yes
E1314,26,Female,HR,22,127849,1,Average,8,No
E1315,54,Female,Testing,8,46882,1,Average,1,No
E1316,21,Male,Testing,4,199445,1,Good,8,Yes
E1317,49,Male,DevOps,16,189033,3,Poor,7,No
E1318,39,Female,Testing,19,171980,1,Good,9,No
E1319,32,Female,Testing,8,79231,4,Poor,2,Yes
E1320,53,Female,Sales,18,151579,4,Poor,7,No
E1321,45,Female,Software,14,34901,2,Poor,6,No
E1322,29,Female,Support,8,162291,4,Average,7,No
E1323,42,Female,Support,15,168528,4,Good,9,No
E1324,35,Female,HR,17,70532,5,Poor,5,No
E1325,57,Male,Sales,14,128589,1,Poor,5,No
E1326,40,Male,Testing,22,71791,1,Poor,8,No
E1327,37,Female,Data Science,23,65067,1,Poor,1,No
E1328,37,Female,DevOps,4,98268,2,Poor,10,No
E1329,22,Male,Data Science,11,79826,2,Average,6,No
E1330,22,Female,Data Science,0,64959,1,Poor,8,Yes
E1331,58,Male,Software,8,106521,5,Poor,3,Yes
E1332,51,Female,Support,2,103488,2,Poor,5,Yes
E1333,37,Male,Testing,4,189941,4,Good,9,No
E1334,29,Female,Testing,21,100247,2,Good,10,No
E1335,38,Female,DevOps,1,176976,3,Good,1,Yes
E1336,35,Female,DevOps,25,195649,2,Good,6,No
E1337,26,Female,Sales,17,132110,5,Good,2,No
E1338,58,Male,Data Science,5,80152,1,Good,1,No
E1339,23,Male,HR,21,102104,3,Average,8,No
E1340,32,Female,Testing,0,46860,4,Average,8,No
E1341,48,Female,Sales,13,61060,5,Good,6,No
E1342,35,Female,DevOps,8,132586,3,Average,8,No
E1343,34,Male,Software,3,196424,4,Average,6,No
E1344,36,Female,Data Science,3,53272,3,Average,1,Yes
E1345,45,Female,Support,0,103615,3,Poor,8,No
E1346,54,Male,Data Science,8,120612,5,Poor,1,Yes
E1347,30,Male,HR,1,143249,1,Good,3,No
E1348,23,Male,Sales,19,131319,2,Average,4,Yes
E1349,60,Male,Testing,20,158069,4,Poor,9,Yes
E1350,57,Female,HR,10,181276,3,Average,4,No
E1351,59,Female,Support,17,145013,1,Average,4,No
E1352,51,Male,Sales,19,73305,3,Average,10,No
E1353,43,Male,DevOps,4,70212,1,Good,2,No
E1354,40,Male,Testing,16,29076,1,Poor,1,No
E1355,55,Male,Support,7,69257,5,Average,1,No
E1356,51,Female,HR,15,159556,5,Average,2,No
E1357,46,Male,Software,0,173972,2,Average,8,No
E1358,46,Male,Marketing,21,61947,2,Good,10,No
E1359,40,Female,Data Science,3,135901,1,Poor,9,No
E1360,59,Female,Sales,20,86646,3,Poor,9,No
E1361,37,Female,Data Science,4,137783,3,Average,3,No
E1362,54,Female,Sales,15,58497,2,Good,7,No
E1363,40,Female,Software,12,161929,2,Good,7,No
E1364,31,Female,Marketing,2,32524,2,Good,10,No
E1365,29,Female,Data Science,2,196547,3,Poor,5,No
E1366,24,Female,Software,6,29590,3,Good,4,Yes
E1367,54,Male,Support,3,101164,4,Good,9,No
E1368,28,Female,Testing,5,172875,2,Average,7,No
E1369,37,Male,Software,1,167381,4,Average,4,Yes
E1370,48,Female,Software,6,90248,1,Average,8,No
E1371,58,Male,Sales,15,73029,3,Average,4,Yes
E1372,57,Male,Software,12,175197,5,Average,9,No
E1373,30,Female,Testing,20,173366,2,Poor,3,Yes
E1374,59,Male,DevOps,3,50828,3,Good,10,No
E1375,52,Male,HR,13,82639,4,Average,2,No
E1376,46,Male,DevOps,10,117927,2,Poor,5,No
E1377,44,Male,Software,20,151187,5,Poor,2,No
E1378,24,Male,Testing,11,112687,2,Good,6,No
E1379,54,Female,DevOps,16,130208,2,Good,1,No
E1380,43,Male,Testing,8,93894,4,Good,4,Yes
E1381,57,Female,Marketing,13,179862,4,Average,3,No
E1382,37,Male,Data Science,11,80749,3,Average,8,No
E1383,47,Female,Software,21,50627,1,Good,5,No
E1384,36,Female,Testing,24,80772,3,Average,2,No
E1385,59,Female,Data Science,6,37796,5,Average,8,Yes
E1386,39,Male,HR,9,56463,1,Poor,6,No
E1387,24,Male,Software,3,159034,3,Good,6,No
E1388,57,Male,DevOps,25,126318,4,Poor,5,No
E1389,32,Female,Data Science,16,34920,1,Good,6,No
E1390,54,Female,Marketing,3,87507,3,Poor,4,No
E1391,49,Male,Support,12,107303,5,Average,7,No
E1392,21,Female,Software,16,28322,5,Poor,4,Yes
E1393,60,Female,Testing,5,149875,4,Poor,3,No
E1394,26,Male,Marketing,6,116719,4,Good,5,No
E1395,47,Male,Testing,3,147301,4,Good,2,No
E1396,54,Female,Sales,7,168894,1,Average,3,Yes
E1397,51,Male,Marketing,14,64804,1,Good,9,No
E1398,60,Male,Testing,20,77807,1,Poor,4,No
E1399,22,Female,Support,11,153585,3,Good,4,No
E1400,25,Female,Sales,23,41009,3,Poor,1,Yes
E1401,45,Female,Data Science,14,179344,4,Average,3,Yes
E1402,34,Female,HR,7,146417,5,Poor,2,Yes
E1403,37,Male,DevOps,8,26381,2,Good,2,Yes
E1404,44,Male,Sales,14,178604,5,Good,8,No
E1405,35,Female,HR,16,196522,5,Good,10,No
E1406,39,Male,Marketing,7,42054,5,Good,4,Yes
E1407,34,Female,HR,12,36844,5,Poor,5,Yes
E1408,26,Male,Sales,5,31343,4,Good,7,No
E1409,28,Male,Testing,11,164410,5,Poor,7,No
E1410,33,Female,Testing,25,177818,1,Average,10,No
E1411,43,Male,Data Science,4,188348,3,Average,1,Yes
E1412,52,Male,Sales,25,75805,2,Poor,7,No
E1413,36,Male,Data Science,8,138341,1,Average,5,No
E1414,35,Male,Testing,23,182452,5,Poor,8,No
E1415,45,Female,Software,8,182230,5,Poor,7,No
E1416,41,Male,Marketing,11,26422,5,Poor,1,Yes
E1417,46,Male,Software,23,175078,4,Good,5,No
E1418,57,Female,DevOps,15,196347,5,Average,8,No
E1419,59,Male,Support,15,130884,4,Average,7,No
E1420,49,Male,Testing,6,134603,4,Poor,2,Yes
E1421,50,Female,Sales,8,43243,1,Good,6,No
E1422,59,Female,Data Science,11,112427,1,Average,8,No
E1423,30,Male,HR,23,65994,3,Average,5,No
E1424,39,Female,Data Science,13,175599,4,Average,6,No
E1425,29,Female,Sales,11,63693,3,Average,5,No
E1426,32,Female,DevOps,20,71227,5,Poor,8,No
E1427,35,Female,HR,5,29462,2,Good,6,Yes
E1428,42,Male,Marketing,20,37005,3,Average,10,No
E1429,42,Male,Sales,13,54389,4,Good,8,No
E1430,26,Female,HR,0,121991,2,Good,8,No
E1431,25,Female,Support,18,183851,2,Poor,9,No
E1432,37,Male,DevOps,1,160878,4,Good,5,No
E1433,23,Female,Marketing,12,182601,4,Poor,9,No
E1434,60,Female,Data Science,11,87709,4,Good,10,No
E1435,41,Female,Software,6,129710,3,Good,7,No
E1436,47,Male,Software,23,53009,3,Average,10,No
E1437,32,Female,HR,6,123308,2,Average,3,No
E1438,52,Male,Testing,5,63847,4,Average,4,No
E1439,37,Female,Data Science,11,187449,1,Poor,8,No
E1440,49,Male,HR,16,67592,2,Good,2,Yes
E1441,45,Female,HR,10,25635,3,Average,7,No
E1442,25,Female,DevOps,23,174384,4,Average,4,Yes
E1443,27,Male,Data Science,12,125338,1,Average,4,No
E1444,31,Female,Sales,4,102461,2,Poor,3,Yes
E1445,49,Male,DevOps,13,26756,5,Poor,5,Yes
E1446,48,Male,DevOps,8,165473,5,Good,9,No
E1447,37,Male,HR,24,188231,1,Average,9,No
E1448,38,Female,Marketing,4,52895,4,Good,6,No
E1449,35,Female,Testing,20,114541,1,Poor,10,No
E1450,44,Male,Support,24,143001,3,Average,7,No
E1451,28,Female,Sales,21,66642,5,Good,4,No
E1452,38,Male,Software,1,118588,1,Poor,1,Yes
E1453,25,Female,DevOps,5,76599,5,Poor,9,Yes
E1454,24,Female,Software,3,103125,4,Good,3,Yes
E1455,34,Male,Data Science,18,41656,4,Average,5,No
E1456,34,Male,HR,5,123789,3,Good,9,No
E1457,51,Female,Support,13,75206,2,Good,8,No
E1458,27,Male,Data Science,24,137880,4,Average,3,Yes
E1459,26,Male,HR,24,25703,2,Average,3,No
E1460,48,Female,Data Science,13,164640,1,Good,2,No
E1461,24,Male,HR,0,76990,2,Good,10,No
E1462,25,Male,HR,0,55059,3,Poor,1,Yes
E1463,56,Female,Data Science,18,137306,3,Good,3,No
E1464,59,Female,Software,8,57074,3,Average,7,No
E1465,55,Female,HR,13,37622,2,Poor,5,No
E1466,34,Male,Marketing,12,61917,2,Average,2,Yes
E1467,49,Female,Marketing,20,50286,2,Poor,9,No
E1468,55,Male,Data Science,1,64055,5,Average,6,No
E1469,21,Female,Data Science,5,27459,1,Average,1,Yes
E1470,50,Female,HR,21,105405,2,Poor,10,No
E1471,21,Male,HR,23,67646,1,Poor,3,Yes
E1472,43,Female,Testing,5,152479,2,Good,2,No
E1473,33,Male,Testing,16,81936,2,Poor,10,No
E1474,59,Male,Data Science,15,179910,4,Average,3,No
E1475,38,Male,Sales,9,143097,2,Average,4,Yes
E1476,48,Male,Sales,1,67834,1,Poor,6,Yes
E1477,45,Male,HR,6,139173,5,Poor,2,No
E1478,47,Male,DevOps,11,109735,4,Poor,4,Yes
E1479,59,Female,Data Science,23,175391,2,Poor,6,No
E1480,46,Male,Sales,15,124078,5,Poor,1,Yes
E1481,35,Male,HR,12,193501,1,Average,9,No
E1482,34,Female,Data Science,12,34726,3,Good,6,No
E1483,28,Female,Testing,9,197884,2,Poor,4,Yes
E1484,33,Male,HR,20,86769,4,Poor,5,Yes
E1485,43,Male,Testing,4,180672,1,Good,5,No
E1486,55,Male,Testing,9,28281,3,Good,7,No
E1487,43,Female,Sales,25,113118,3,Average,7,No
E1488,22,Female,Marketing,15,58455,2,Poor,7,Yes
E1489,55,Male,Support,5,80782,4,Good,8,No
E1490,30,Female,HR,8,110042,4,Good,10,No
E1491,59,Male,DevOps,8,141169,3,Good,4,No
E1492,27,Male,Support,8,126518,2,Poor,8,Yes
E1493,49,Male,Data Science,15,65817,2,Average,2,No
E1494,29,Female,Software,10,67373,3,Average,2,No
E1495,56,Male,HR,5,148239,3,Poor,8,No
E1496,31,Female,Data Science,15,125815,1,Poor,9,No
E1497,22,Female,DevOps,14,40834,1,Poor,4,Yes
E1498,22,Female,Support,4,195166,2,Poor,2,No
E1499,47,Male,Software,21,186006,1,Poor,4,Yes
E1500,26,Female,DevOps,24,117045,1,Poor,3,Yes
E1501,31,Male,Marketing,9,58325,3,Good,1,Yes
E1502,45,Female,Marketing,5,165029,1,Good,10,No
E1503,36,Female,Software,10,80438,4,Good,2,Yes
E1504,48,Male,Testing,22,41769,3,Average,4,Yes
E1505,26,Female,HR,0,57893,5,Poor,7,No
E1506,56,Male,DevOps,6,92677,2,Poor,10,No
E1507,60,Female,Data Science,12,126788,1,Good,9,Yes
E1508,35,Male,Software,13,198746,2,Average,1,No
E1509,33,Male,DevOps,2,36129,5,Poor,1,No
E1510,27,Female,DevOps,13,194872,5,Average,6,No
E1511,31,Female,Sales,12,88901,5,Poor,10,No
E1512,31,Female,DevOps,4,119290,3,Good,7,No
E1513,33,Female,Testing,10,40713,4,Average,1,No
E1514,21,Male,Support,16,114245,3,Poor,5,No
E1515,48,Female,DevOps,20,112337,1,Good,10,No
E1516,33,Male,HR,6,53255,2,Good,5,No
E1517,36,Female,Sales,17,186767,2,Average,1,No
E1518,21,Female,Software,5,193814,3,Poor,2,Yes
E1519,31,Male,Testing,24,89336,2,Poor,10,Yes
E1520,23,Male,HR,0,170232,4,Good,2,No
E1521,35,Male,Sales,6,133300,1,Poor,8,No
E1522,43,Male,Data Science,4,33227,1,Poor,1,Yes
E1523,59,Female,DevOps,23,31458,2,Average,10,Yes
E1524,30,Female,Data Science,0,173358,2,Good,6,No
E1525,31,Male,Sales,17,59257,5,Average,5,No
E1526,26,Male,HR,7,178551,4,Good,6,No
E1527,40,Male,Testing,17,56177,3,Good,4,No
E1528,58,Female,Support,16,144369,4,Good,6,No
E1529,31,Male,Data Science,15,189137,5,Average,1,No
E1530,38,Male,Data Science,5,150901,2,Poor,2,No
E1531,27,Male,DevOps,16,132160,4,Poor,6,No
E1532,45,Female,Software,15,90987,2,Good,1,Yes
E1533,41,Male,Software,17,188215,1,Poor,1,Yes
E1534,59,Male,Sales,23,108353,2,Average,4,No
E1535,59,Male,HR,8,142813,3,Poor,3,Yes
E1536,56,Male,HR,23,34505,1,Good,9,Yes
E1537,52,Female,Sales,5,62233,2,Average,5,Yes
E1538,45,Female,Support,17,112140,5,Poor,2,Yes
E1539,23,Male,Marketing,20,60626,1,Good,5,No
E1540,49,Male,Data Science,16,101001,4,Good,2,No
E1541,24,Female,Testing,1,109361,5,Average,4,No
E1542,29,Female,Testing,18,181966,4,Good,1,Yes
E1543,53,Male,Marketing,22,183650,1,Good,3,Yes
E1544,45,Male,Data Science,15,111925,2,Good,7,No
E1545,28,Male,DevOps,18,198442,1,Poor,6,Yes
E1546,36,Female,Support,19,91428,5,Poor,7,No
E1547,31,Female,HR,6,153160,2,Poor,9,No
E1548,55,Male,DevOps,5,94258,3,Good,6,No
E1549,58,Male,Marketing,5,40603,5,Average,7,No
E1550,42,Female,Marketing,7,184347,2,Good,4,Yes
E1551,42,Female,Marketing,15,167977,4,Average,5,No
E1552,51,Female,Software,2,74561,5,Poor,7,Yes
E1553,32,Male,HR,9,147603,5,Good,10,No
E1554,23,Male,DevOps,25,166417,1,Average,4,Yes
E1555,41,Male,Support,14,199294,4,Poor,6,No
E1556,39,Male,Sales,9,48577,4,Poor,2,Yes
E1557,40,Female,Marketing,3,192444,1,Poor,4,No
E1558,45,Female,HR,15,109705,3,Average,2,No
E1559,29,Male,Testing,13,91401,1,Good,2,Yes
E1560,38,Male,HR,25,168245,4,Poor,7,No
E1561,32,Male,HR,25,182911,4,Poor,9,No
E1562,51,Male,Data Science,25,161788,2,Average,5,No
E1563,31,Female,Marketing,8,110966,3,Average,3,No
E1564,58,Female,Support,4,71021,2,Average,2,Yes
E1565,28,Female,Testing,8,185770,2,Average,2,No
E1566,30,Female,HR,2,86872,4,Poor,1,Yes
E1567,54,Female,Support,7,82766,3,Good,1,No
E1568,60,Male,Support,11,49901,1,Average,6,No
E1569,39,Female,Software,1,111358,4,Poor,7,Yes
E1570,32,Male,Testing,22,165657,2,Good,9,No
E1571,31,Male,Data Science,25,151204,5,Poor,1,Yes
E1572,53,Male,Sales,24,199777,2,Average,6,No
E1573,59,Male,DevOps,23,150794,5,Poor,8,Yes
E1574,22,Male,Testing,5,180180,4,Poor,6,Yes
E1575,55,Female,Marketing,2,97236,4,Good,2,No
E1576,53,Male,HR,17,156870,1,Good,1,No
E1577,32,Female,Marketing,23,43462,1,Good,1,No
E1578,31,Female,Support,1,61745,4,Poor,1,Yes
E1579,47,Male,HR,17,150289,4,Good,6,No
E1580,60,Female,Data Science,1,56523,3,Average,4,No
E1581,57,Female,Software,20,68752,3,Average,4,No
E1582,35,Female,HR,24,196904,2,Poor,3,Yes
E1583,28,Male,Data Science,14,60743,5,Poor,8,No
E1584,25,Female,HR,25,73833,5,Poor,5,No
E1585,53,Female,Data Science,5,118784,4,Good,10,No
E1586,26,Male,Testing,24,186719,3,Poor,9,No
E1587,28,Female,Support,25,27414,4,Poor,9,Yes
E1588,34,Male,Marketing,0,78373,4,Good,6,No
E1589,33,Male,HR,21,159472,3,Good,7,No
E1590,23,Female,Software,17,169293,2,Poor,7,Yes
E1591,24,Male,Testing,11,155661,4,Average,5,No
E1592,45,Male,Marketing,4,72994,1,Good,1,No
E1593,42,Male,Support,8,129875,3,Poor,2,No
E1594,40,Female,DevOps,11,33060,3,Good,10,No
E1595,32,Female,Testing,19,194580,3,Poor,9,Yes
E1596,38,Male,Data Science,19,140981,5,Poor,4,Yes
E1597,34,Female,Data Science,19,132901,3,Poor,3,No
E1598,57,Male,DevOps,1,27773,4,Good,4,No
E1599,49,Male,DevOps,17,109458,2,Poor,5,No
E1600,54,Male,Testing,1,150216,3,Average,7,Yes
E1601,26,Female,DevOps,18,78814,2,Average,6,No
E1602,43,Female,HR,1,95606,2,Good,3,Yes
E1603,32,Female,Data Science,0,97114,4,Average,7,No
E1604,49,Female,Data Science,20,151207,5,Poor,4,No
E1605,49,Male,DevOps,22,146485,2,Good,1,No
E1606,47,Male,Support,12,83901,2,Good,8,Yes
E1607,34,Male,Data Science,18,130651,4,Poor,4,Yes
E1608,53,Male,Support,22,74959,3,Good,9,No
E1609,33,Female,Data Science,18,172805,1,Average,8,Yes
E1610,33,Male,Marketing,17,92377,2,Average,4,No
E1611,27,Male,DevOps,7,198590,3,Poor,8,Yes
E1612,30,Male,HR,11,55319,4,Average,8,No
E1613,48,Male,Software,2,125919,3,Poor,6,Yes
E1614,54,Female,DevOps,6,145009,2,Good,7,No
E1615,50,Male,Marketing,14,181401,5,Average,1,Yes
E1616,46,Male,HR,10,192709,1,Average,1,No
E1617,27,Male,Testing,25,197174,2,Average,5,Yes
E1618,52,Male,DevOps,22,179118,1,Average,10,No
E1619,51,Female,DevOps,5,185813,4,Good,8,No
E1620,57,Male,Testing,6,170793,2,Good,6,No
E1621,28,Female,Marketing,22,129668,4,Poor,1,Yes
E1622,40,Male,Support,5,175970,4,Good,3,No
E1623,35,Female,Software,20,111115,5,Poor,4,Yes
E1624,24,Male,Testing,16,92426,2,Good,9,No
E1625,56,Female,Software,25,133231,2,Average,5,No
E1626,43,Male,HR,7,71242,1,Good,9,Yes
E1627,50,Male,Support,4,109027,2,Poor,3,No
E1628,23,Male,Marketing,5,125876,2,Average,10,No
E1629,57,Female,HR,4,170363,3,Good,1,No
E1630,30,Female,Marketing,10,69018,5,Poor,1,No
E1631,35,Female,Marketing,18,40712,1,Poor,3,No
E1632,51,Female,DevOps,21,93593,4,Good,5,No
E1633,56,Female,Sales,11,121682,1,Good,7,No
E1634,38,Female,Sales,24,198308,2,Good,6,No
E1635,31,Male,DevOps,7,159248,2,Good,6,No
E1636,46,Female,Software,22,43678,1,Good,8,No
E1637,26,Male,Support,7,194649,4,Poor,8,No
E1638,56,Female,Software,20,61975,1,Average,10,No
E1639,52,Female,Marketing,16,107816,1,Good,1,Yes
E1640,26,Female,Marketing,3,195734,5,Good,6,No
E1641,45,Male,Testing,18,29064,1,Good,5,No
E1642,29,Male,Software,0,154631,2,Average,4,Yes
E1643,43,Female,Data Science,24,142782,5,Good,1,No
E1644,35,Female,Software,11,148466,4,Good,8,No
E1645,51,Male,DevOps,8,170807,5,Good,1,Yes
E1646,24,Female,HR,25,173513,3,Average,9,No
E1647,48,Male,Sales,17,168841,3,Average,3,No
E1648,45,Female,HR,16,174556,5,Good,3,No
E1649,28,Female,Software,19,166226,4,Good,9,No
E1650,32,Male,DevOps,18,186282,4,Good,7,No
E1651,56,Female,Testing,24,117704,3,Poor,1,No
E1652,37,Female,Support,9,122369,1,Good,5,No
E1653,53,Female,Data Science,24,107437,1,Average,9,No
E1654,45,Female,Marketing,17,120248,4,Poor,8,No
E1655,34,Female,Sales,12,191563,4,Good,1,No
E1656,55,Female,Sales,3,163456,3,Average,2,Yes
E1657,40,Male,Sales,18,169299,3,Good,7,No
E1658,47,Male,Support,2,49348,4,Average,5,No
E1659,22,Female,Support,20,86313,3,Poor,5,No
E1660,28,Female,Testing,12,171762,4,Good,10,No
E1661,47,Female,Sales,11,177345,4,Poor,1,Yes
E1662,60,Female,Testing,24,89857,4,Average,3,Yes
E1663,42,Male,Data Science,8,181003,1,Average,7,No
E1664,28,Male,Software,3,72130,2,Average,5,No
E1665,58,Female,DevOps,10,120681,1,Poor,4,No
E1666,22,Male,Data Science,25,97917,3,Poor,2,No
E1667,55,Female,Support,23,162224,2,Good,5,No
E1668,41,Female,Sales,24,47791,4,Good,3,No
E1669,50,Male,HR,16,118345,4,Poor,7,Yes
E1670,41,Male,Software,14,148137,2,Average,8,No
E1671,37,Female,Marketing,1,55688,4,Poor,6,No
E1672,57,Female,Marketing,9,75495,1,Average,1,No
E1673,36,Female,Marketing,20,173866,3,Average,3,No
E1674,55,Male,DevOps,4,137539,1,Average,6,No
E1675,26,Male,Testing,1,118361,2,Poor,6,No
E1676,53,Male,Data Science,6,113972,4,Average,4,Yes
E1677,49,Female,Support,4,99977,3,Good,10,No
E1678,50,Male,Marketing,2,135333,1,Good,9,No
E1679,52,Male,Testing,8,51422,3,Poor,9,No
E1680,42,Female,HR,8,142110,3,Poor,4,Yes
E1681,52,Female,Sales,17,120216,5,Average,2,No
E1682,57,Male,HR,17,93400,3,Average,1,Yes
E1683,31,Male,Software,10,88639,1,Poor,3,No
E1684,38,Female,Support,4,149500,5,Good,10,No
E1685,58,Female,Data Science,9,85232,5,Poor,1,Yes
E1686,25,Female,HR,12,61662,5,Poor,8,No
E1687,47,Male,Testing,7,128753,2,Poor,8,Yes
E1688,40,Male,HR,14,127458,1,Poor,1,Yes
E1689,25,Male,DevOps,1,142608,4,Average,6,No
E1690,54,Male,Sales,17,194868,4,Poor,5,Yes
E1691,44,Female,Marketing,0,184109,5,Average,8,No
E1692,59,Male,HR,7,107393,4,Good,3,No
E1693,22,Female,Sales,4,29095,5,Average,3,Yes
E1694,58,Male,Software,6,142984,2,Poor,8,Yes
E1695,28,Female,Data Science,6,39359,4,Poor,5,No
E1696,58,Male,Software,19,103156,4,Average,8,No
E1697,33,Female,HR,13,85219,4,Good,7,No
E1698,24,Female,Testing,21,28370,3,Average,6,No
E1699,25,Female,Marketing,2,66402,2,Poor,3,No
E1700,29,Female,HR,0,54277,1,Good,6,No
E1701,57,Female,HR,12,196307,5,Good,2,Yes
E1702,48,Male,Testing,9,93645,3,Good,4,Yes
E1703,41,Female,Support,16,60288,5,Poor,5,No
E1704,55,Male,Sales,8,183405,1,Poor,7,Yes
E1705,51,Female,Support,10,140301,3,Good,8,No
E1706,48,Male,Data Science,10,64513,1,Average,3,No
E1707,45,Male,HR,25,68282,2,Good,2,No
E1708,48,Male,Software,13,122844,4,Poor,4,Yes
E1709,49,Female,HR,9,32814,5,Good,5,Yes
E1710,31,Male,Sales,2,130468,1,Good,9,Yes
E1711,37,Female,DevOps,8,140213,2,Good,7,No
E1712,35,Male,Software,11,57344,1,Poor,7,Yes
E1713,53,Male,Support,19,150744,5,Average,4,No
E1714,40,Female,Data Science,14,96890,2,Good,5,Yes
E1715,59,Male,Software,14,42646,4,Good,7,No
E1716,21,Male,Software,17,37169,4,Poor,10,No
E1717,54,Female,DevOps,15,147082,4,Average,2,No
E1718,22,Male,Marketing,20,50191,5,Poor,7,No
E1719,38,Male,Data Science,10,139234,5,Average,2,Yes
E1720,37,Female,Testing,6,67736,1,Poor,8,No
E1721,32,Male,Testing,10,147436,4,Poor,2,No
E1722,44,Female,Data Science,15,67006,5,Average,5,No
E1723,59,Female,Data Science,1,68159,5,Poor,6,No
E1724,55,Female,DevOps,12,89655,3,Good,5,No
E1725,57,Male,Software,19,100012,5,Poor,5,No
E1726,49,Female,Data Science,8,147619,4,Average,7,No
E1727,21,Female,HR,0,172578,4,Good,4,No
E1728,50,Female,Testing,11,148638,1,Average,6,No
E1729,56,Female,DevOps,11,42764,1,Poor,7,No
E1730,24,Female,DevOps,21,95934,4,Average,9,No
E1731,55,Female,Data Science,10,98489,2,Poor,3,No
E1732,32,Female,Software,10,60704,3,Poor,3,Yes
E1733,27,Male,HR,2,64818,3,Poor,3,Yes
E1734,40,Female,HR,7,132318,1,Good,9,No
E1735,54,Male,DevOps,6,136839,3,Poor,1,No
E1736,36,Female,Support,20,120509,3,Poor,9,No
E1737,49,Male,DevOps,6,195853,5,Poor,7,No
E1738,40,Male,Sales,6,96070,3,Poor,7,No
E1739,58,Female,Support,24,139853,5,Average,3,No
E1740,55,Female,Testing,19,72792,2,Average,4,No
E1741,54,Male,Support,22,28965,4,Average,10,No
E1742,41,Male,Support,25,160827,4,Poor,4,Yes
E1743,28,Male,Support,8,81297,3,Average,7,No
E1744,32,Male,Marketing,19,79616,2,Poor,10,Yes
E1745,37,Male,Testing,6,101053,3,Good,8,No
E1746,48,Male,Support,16,178022,3,Poor,7,No
E1747,38,Male,Software,0,83034,2,Good,9,No
E1748,52,Male,HR,24,35948,5,Good,2,Yes
E1749,41,Male,Sales,19,59843,1,Poor,2,Yes
E1750,48,Male,Sales,23,199525,2,Poor,6,No
E1751,53,Male,Support,8,120351,2,Average,10,No
E1752,58,Male,Support,6,180936,5,Poor,3,Yes
E1753,57,Female,Testing,19,127936,2,Good,10,No
E1754,53,Female,Software,23,71365,1,Average,5,No
E1755,52,Male,Data Science,0,179557,3,Good,3,No
E1756,28,Male,DevOps,5,73449,3,Poor,8,No
E1757,42,Female,Data Science,4,105743,4,Average,6,No
E1758,46,Female,Support,1,84047,3,Poor,6,No
E1759,27,Male,Support,20,82689,2,Good,7,No
E1760,42,Male,Testing,1,54845,2,Poor,8,Yes
E1761,34,Male,HR,0,155649,1,Poor,8,No
E1762,29,Male,HR,19,187706,3,Poor,4,Yes
E1763,47,Male,Sales,11,96473,1,Poor,10,No
E1764,36,Female,Data Science,9,67381,5,Average,9,No
E1765,45,Female,Marketing,15,112238,3,Average,9,No
E1766,36,Male,Marketing,21,129541,4,Poor,5,No
E1767,53,Female,Testing,7,126025,2,Good,2,No
E1768,36,Male,Sales,24,183796,3,Poor,7,Yes
E1769,25,Male,Marketing,19,102113,1,Poor,4,Yes
E1770,26,Male,Sales,17,69904,3,Poor,7,No
E1771,22,Male,Software,24,68673,1,Average,4,No
E1772,26,Female,Software,24,127435,5,Good,4,Yes
E1773,21,Male,Support,0,78816,5,Average,4,Yes
E1774,59,Female,HR,3,89899,4,Good,7,No
E1775,22,Female,Sales,13,162979,3,Poor,3,No
E1776,54,Male,Software,3,120363,5,Good,1,No
E1777,24,Male,Software,25,131813,1,Good,4,Yes
E1778,25,Male,Support,18,190142,4,Average,7,No
E1779,58,Male,DevOps,4,62403,5,Good,8,No
E1780,22,Female,Software,7,52687,2,Poor,10,No
E1781,36,Male,DevOps,24,105616,4,Good,7,No
E1782,51,Female,Sales,5,146840,3,Poor,7,No
E1783,59,Female,Testing,24,42213,5,Good,4,No
E1784,49,Male,Sales,22,128803,3,Average,8,No
E1785,35,Male,Sales,17,126826,2,Average,7,No
E1786,53,Female,Sales,5,85496,2,Good,1,Yes
E1787,46,Female,Data Science,21,124520,5,Average,6,No
E1788,39,Male,DevOps,12,161564,4,Average,9,No
E1789,31,Female,DevOps,14,169117,4,Good,2,Yes
E1790,43,Male,Support,9,47980,4,Poor,7,Yes
E1791,57,Female,Data Science,10,88902,5,Average,9,No
E1792,46,Female,Marketing,5,166655,3,Poor,6,No
E1793,28,Male,DevOps,15,119909,4,Good,8,No
E1794,55,Male,DevOps,19,131517,1,Average,7,No
E1795,54,Male,Data Science,15,92790,2,Average,7,No
E1796,55,Female,Marketing,4,170229,4,Average,10,No
E1797,52,Female,Data Science,4,80990,3,Poor,7,No
E1798,44,Female,Support,13,185694,1,Good,3,No
E1799,40,Male,Marketing,16,55992,1,Good,6,No
E1800,58,Female,HR,25,57220,5,Poor,4,No
E1801,42,Female,Testing,22,29472,2,Good,4,Yes
E1802,32,Male,Testing,7,36223,1,Average,7,No
E1803,25,Female,Software,23,33585,2,Average,1,Yes
E1804,44,Male,Testing,17,157929,3,Good,10,No
E1805,22,Male,Sales,0,186014,3,Good,3,No
E1806,39,Male,Testing,12,41993,4,Good,3,No
E1807,59,Male,Software,23,196646,1,Average,8,No
E1808,21,Male,Data Science,10,61595,1,Good,2,No
E1809,41,Female,HR,21,194678,1,Good,1,Yes
E1810,42,Female,Testing,0,121958,1,Average,7,No
E1811,56,Female,Software,9,176978,1,Poor,2,No
E1812,30,Male,DevOps,19,39558,2,Average,7,Yes
E1813,40,Male,Support,14,162736,2,Good,4,Yes
E1814,41,Male,Testing,22,107036,4,Poor,9,No
E1815,49,Male,Support,0,67307,4,Average,7,No
E1816,50,Male,Software,25,149220,5,Good,2,No
E1817,48,Male,Sales,16,177017,3,Good,3,No
E1818,30,Female,Testing,6,137353,3,Poor,5,No
E1819,39,Female,Software,8,135742,2,Poor,2,No
E1820,38,Female,Marketing,0,61314,2,Poor,1,Yes
E1821,55,Male,Data Science,25,149289,5,Poor,5,No
E1822,47,Female,Data Science,1,58482,3,Average,10,No
E1823,57,Female,Software,19,102338,5,Good,4,Yes
E1824,43,Male,Testing,10,74698,2,Good,6,No
E1825,56,Male,Data Science,0,132313,2,Good,6,No
E1826,52,Female,Software,24,161966,4,Poor,8,No
E1827,53,Male,Software,6,153528,4,Poor,7,No
E1828,55,Female,Support,7,103635,1,Average,4,Yes
E1829,26,Male,Support,22,48702,5,Good,1,No
E1830,21,Female,Sales,17,63343,1,Good,4,No
E1831,21,Female,HR,18,177144,3,Average,9,No
E1832,29,Male,Software,1,172065,1,Average,3,Yes
E1833,45,Male,Support,21,71472,4,Good,7,No
E1834,25,Female,Support,0,84972,4,Average,5,No
E1835,21,Male,Testing,12,44889,4,Good,6,No
E1836,42,Male,Software,20,98676,3,Average,1,Yes
E1837,37,Male,Support,12,167616,5,Average,7,No
E1838,25,Female,Marketing,5,44395,5,Average,8,No
E1839,47,Male,Support,4,122307,5,Good,10,No
E1840,46,Female,Sales,18,76408,3,Average,5,No
E1841,28,Female,Data Science,9,182783,1,Average,8,No
E1842,36,Male,Support,25,92999,4,Average,10,No
E1843,50,Male,Software,25,30136,5,Good,6,No
E1844,24,Male,Support,16,159353,3,Average,3,No
E1845,39,Female,HR,22,88160,2,Poor,3,Yes
E1846,35,Male,Support,25,53702,4,Average,6,No
E1847,56,Male,Software,6,27282,3,Good,6,No
E1848,26,Male,Marketing,8,130670,5,Good,2,Yes
E1849,38,Male,Data Science,10,122267,1,Poor,4,No
E1850,32,Female,HR,3,188423,2,Good,4,No
E1851,52,Female,Testing,0,128080,1,Good,10,No
E1852,51,Male,Support,15,87411,2,Poor,4,Yes
E1853,22,Female,Software,23,174079,3,Good,8,No
E1854,38,Female,Software,3,183640,5,Poor,5,No
E1855,45,Female,Support,11,195971,1,Poor,9,Yes
E1856,43,Male,Marketing,24,173183,2,Poor,10,Yes
E1857,59,Female,Software,9,58562,3,Poor,5,No
E1858,22,Female,Marketing,13,177440,5,Poor,7,No
E1859,40,Male,HR,10,197299,2,Average,7,Yes
E1860,41,Female,Marketing,6,182497,1,Good,3,Yes
E1861,23,Female,Sales,11,91221,2,Good,9,No
E1862,37,Female,Sales,13,192528,1,Average,3,No
E1863,30,Male,Support,13,50667,5,Poor,8,No
E1864,39,Female,Data Science,7,180086,5,Poor,9,Yes
E1865,45,Male,DevOps,4,112031,4,Poor,5,No
E1866,36,Male,Sales,8,110406,3,Average,6,No
E1867,31,Male,Marketing,11,157386,1,Good,5,No
E1868,47,Female,Data Science,14,101053,5,Good,3,No
E1869,52,Female,Data Science,11,158899,4,Average,9,No
E1870,23,Male,Software,10,35431,5,Average,9,No
E1871,41,Male,Marketing,19,113916,3,Average,1,No
E1872,49,Male,Marketing,7,163770,4,Poor,2,No
E1873,26,Female,Data Science,20,178359,3,Good,10,No
E1874,31,Female,Marketing,11,155783,4,Poor,1,No
E1875,35,Female,HR,21,184680,2,Average,3,Yes
E1876,29,Female,Software,25,26471,5,Average,2,No
E1877,40,Male,Sales,17,75078,5,Good,5,No
E1878,57,Female,DevOps,14,150141,2,Good,2,No
E1879,60,Male,Marketing,22,86694,3,Poor,4,No
E1880,51,Male,Software,17,58156,4,Poor,10,No
E1881,59,Male,Support,23,168325,5,Good,7,No
E1882,48,Male,Sales,7,28000,3,Poor,10,No
E1883,37,Male,Testing,19,67133,3,Good,6,No
E1884,37,Female,Sales,11,155949,1,Poor,8,No
E1885,35,Male,DevOps,12,103991,1,Poor,6,No
E1886,53,Male,Testing,11,55568,3,Good,9,No
E1887,50,Male,Data Science,15,93627,3,Good,4,Yes
E1888,35,Male,Sales,20,51578,2,Poor,2,Yes
E1889,49,Female,Software,25,83069,2,Average,1,No
E1890,37,Female,Sales,15,141835,3,Average,7,No
E1891,35,Female,DevOps,8,43607,3,Poor,7,No
E1892,49,Female,Marketing,10,135550,4,Good,3,No
E1893,24,Female,Support,7,153200,3,Poor,5,No
E1894,29,Male,Testing,22,104909,3,Good,6,No
E1895,32,Female,DevOps,10,84708,2,Good,10,No
E1896,59,Female,Software,11,28895,2,Average,4,No
E1897,51,Female,Support,3,41035,3,Poor,10,Yes
E1898,39,Male,DevOps,11,68269,1,Average,9,No
E1899,47,Male,Testing,19,160501,5,Poor,3,No
E1900,30,Male,Software,6,43871,3,Poor,1,Yes
E1901,48,Male,Sales,6,54644,4,Poor,9,No
E1902,24,Female,DevOps,17,37495,5,Average,8,No
E1903,57,Female,Marketing,17,29587,4,Average,7,No
E1904,53,Male,Support,4,117076,1,Poor,4,Yes
E1905,24,Female,Support,15,33242,3,Poor,9,No
E1906,59,Male,Marketing,4,45373,2,Average,3,No
E1907,36,Male,Sales,4,98955,4,Good,5,No
E1908,25,Male,Data Science,4,188361,4,Good,1,No
E1909,46,Female,Data Science,19,167385,2,Poor,5,Yes
E1910,42,Female,Data Science,23,41092,3,Average,3,No
E1911,33,Female,HR,19,74645,2,Average,4,Yes
E1912,50,Female,HR,25,95561,3,Average,7,No
E1913,37,Male,Support,6,131393,2,Poor,8,Yes
E1914,28,Female,Sales,14,188955,4,Average,5,No
E1915,38,Female,Marketing,9,161787,3,Poor,10,Yes
E1916,58,Male,Testing,18,78507,3,Average,9,No
E1917,47,Female,Testing,4,52388,2,Poor,6,No
E1918,31,Male,Support,16,26233,5,Poor,10,No
E1919,33,Male,HR,10,185609,2,Average,9,No
E1920,27,Male,Testing,4,153215,4,Poor,5,No
E1921,37,Male,DevOps,8,27995,3,Average,1,No
E1922,38,Male,Testing,21,58473,5,Good,8,No
E1923,54,Female,HR,6,197740,3,Average,7,No
E1924,57,Female,Sales,12,54604,2,Good,7,No
E1925,40,Male,Sales,8,115528,1,Good,9,No
E1926,28,Female,HR,6,43843,5,Poor,5,No
E1927,59,Male,Software,5,112767,3,Poor,5,Yes
E1928,23,Female,Support,1,135551,1,Poor,5,No
E1929,35,Female,Sales,6,104873,2,Average,10,No
E1930,51,Female,Software,21,188251,1,Good,1,No
E1931,27,Male,Marketing,14,149292,2,Poor,1,No
E1932,53,Female,Support,5,128162,2,Poor,3,No
E1933,59,Female,HR,15,136051,2,Poor,5,Yes
E1934,40,Female,Software,13,103834,2,Average,2,Yes
E1935,26,Male,DevOps,23,194292,1,Good,4,No
E1936,31,Male,Data Science,17,106391,1,Poor,2,Yes
E1937,50,Female,Sales,19,86987,1,Poor,8,No
E1938,52,Female,Support,7,78409,2,Good,10,No
E1939,35,Male,Support,19,155683,3,Average,6,No
E1940,31,Male,Sales,10,109446,1,Poor,7,No
E1941,21,Female,DevOps,17,179063,2,Poor,4,No
E1942,28,Female,Data Science,25,174410,2,Poor,8,No
E1943,58,Female,Marketing,1,108902,4,Poor,5,No
E1944,25,Female,Sales,25,142460,1,Good,2,No
E1945,51,Female,DevOps,11,119607,2,Good,7,No
E1946,50,Female,HR,12,91135,2,Poor,8,No
E1947,37,Female,Support,14,159006,3,Good,8,No
E1948,22,Female,Data Science,10,154978,3,Poor,7,No
E1949,49,Male,DevOps,5,46869,5,Poor,6,No
E1950,28,Female,DevOps,0,95344,4,Poor,1,Yes
E1951,59,Male,DevOps,4,195955,4,Good,9,No
E1952,38,Female,DevOps,20,94212,3,Poor,2,No
E1953,50,Female,Testing,25,117248,3,Average,10,No
E1954,60,Male,DevOps,8,140977,4,Poor,9,Yes
E1955,33,Male,Support,19,62406,3,Poor,9,No
E1956,44,Male,Marketing,18,131711,2,Average,4,No
E1957,59,Male,HR,5,191108,2,Average,9,No
E1958,46,Female,Marketing,16,104190,2,Good,3,No
E1959,31,Male,DevOps,8,78455,4,Good,5,No
E1960,49,Male,Software,22,118270,2,Average,6,No
E1961,58,Female,DevOps,10,110525,2,Average,10,No
E1962,50,Male,Marketing,12,32419,1,Good,2,Yes
E1963,25,Male,Sales,12,85297,5,Average,8,No
E1964,21,Female,DevOps,7,62103,2,Good,7,No
E1965,26,Male,Data Science,19,195136,3,Poor,5,No
E1966,27,Female,Data Science,11,61844,1,Average,10,No
E1967,25,Male,Sales,3,73843,5,Good,8,No
E1968,43,Female,Marketing,2,169357,2,Good,1,No
E1969,51,Male,Data Science,25,50677,5,Average,6,No
E1970,59,Male,Support,7,73335,4,Good,9,No
E1971,55,Male,Data Science,3,139150,2,Average,6,No
E1972,23,Male,Marketing,24,135188,1,Good,5,No
E1973,58,Female,Data Science,21,157275,1,Good,6,No
E1974,34,Female,Marketing,14,105502,4,Poor,3,No
E1975,33,Female,Marketing,14,190394,2,Good,9,No
E1976,22,Female,Sales,1,159864,1,Poor,1,Yes
E1977,60,Male,HR,0,109880,1,Average,2,No
E1978,34,Female,DevOps,0,81288,4,Average,8,No
E1979,53,Male,Testing,0,122404,3,Average,9,No
E1980,35,Male,Support,2,80947,3,Average,3,Yes
E1981,33,Female,Data Science,13,132588,4,Average,4,No
E1982,28,Female,HR,4,46426,4,Good,10,No
E1983,21,Female,HR,2,155675,5,Average,4,Yes
E1984,58,Male,DevOps,16,196015,5,Average,5,No
E1985,45,Male,Support,10,182505,3,Good,7,No
E1986,46,Female,DevOps,24,164716,4,Good,2,No
E1987,35,Male,Data Science,13,36930,4,Poor,4,Yes
E1988,21,Female,Marketing,17,30560,4,Poor,6,Yes
E1989,48,Male,Support,19,44809,3,Good,2,No
E1990,56,Female,HR,0,74898,3,Average,3,No
E1991,21,Female,Testing,24,46926,2,Poor,2,Yes
E1992,22,Male,Testing,5,187674,5,Average,1,No
E1993,47,Male,DevOps,9,111789,1,Average,10,Yes
E1994,49,Male,DevOps,18,76027,4,Average,7,No
E1995,22,Male,Support,12,199893,1,Good,2,Yes
E1996,35,Male,Testing,18,36887,3,Good,6,No
E1997,47,Male,Support,5,105320,1,Good,1,No
E1998,42,Female,Software,6,131308,2,Average,10,No
E1999,27,Male,Support,4,29384,3,Average,5,No
E2000,47,Female,DevOps,0,129887,5,Poor,1,Yes
